Z,OV,T,V,C
36,245.32975783178003,1.6176856,900,3911
100,245.32975783178,6.6260762,2500,20718
225,238.79819159289357,2783.5205144,5625,83202
0,0,0,0,0
0,0,0,0,0
0,0,0,0,0
0,0,0,0,0
0,0,0,0,0
