Z,OV,T,V,C
36,245.32975783178003,1.1223931,900,3911
100,245.32975783178,4.854451401,2500,20718
0,0,0,0,0
0,0,0,0,0
0,0,0,0,0
0,0,0,0,0
0,0,0,0,0
0,0,0,0,0
