Z,OV,T,V,C
45,229.00070204860202,2.795525399,1125,5307
90,245.32975783178,5.4423697,2250,17207
150,245.32975783178,20.3956894,3750,41272
0,238.08,2784,0,0
0,245.32975783178003,384.5768467,0,0
0,231.33342722935947,3560.712937201,0,0
0,0,0,0,0
0,0,0,0,0
0,0,0,0,0
