Z,OV,T,V,C
45,229.00070204860202,2.795525399,1125,5307
90,245.32975783178,5.4423697,2250,17207
150,245.32975783178,20.3956894,3750,41272
0,0,0,0,0
0,0,0,0,0
0,0,0,0,0
0,0,0,0,0
0,0,0,0,0
0,0,0,0,0
