Z,OV,T,V,C
45,245.32975783178003,4.3493488,1125,5307
90,245.32975783178003,42.1656905,2250,17207
150,237.165229940191,34.9271517,3750,41272
225,232.26651320523757,1700.508057,5625,83202
315,239.88673923738733,4997.500428,7875,149657
0,0,0,0,0
0,0,0,0,0
0,0,0,0,0
0,0,0,0,0
