Z,OV,T,V,C
21,209.04296720249556,8.388413099,525,1574
76,245.32975783177994,512.4921552,1900,12270
0,0,0,0,0
0,0,0,0,0
0,0,0,0,0
0,0,0,0,0
0,0,0,0,0
0,0,0,0,0
