Z,OV,T,V,C
25,245.32975783178003,7.6668413,625,2031
45,245.32975783178,15.692504199,1125,5024
35,237.165229940191,9.8505028,875,2767
222,232.26651320523757,2951.404870399,5550,82365
210,239.88673923738733,6076.282598001,5250,63326
0,0,0,0,0
0,0,0,0,0
0,0,0,0,0
0,0,0,0,0
