Z,OV,T,V,C
21,209.04296720249556,6.166437101,525,1574
0,0,0,0,0
0,0,0,0,0
0,0,0,0,0
0,0,0,0,0
0,0,0,0,0
0,0,0,0,0
0,0,0,0,0
