Z,OV,T,V,C
15,245.32975783178003,8.0208181,375,933
44,245.32975783178,14.6674142,1100,4805
35,237.165229940191,9.6982964,875,2767
221,232.26651320523757,2228.9158009,5525,82146
209,239.88673923738733,6733.637707699,5225,62867
0,0,0,0,0
0,0,0,0,0
0,0,0,0,0
0,0,0,0,0
