Z,OV,T,V,C
16,209.04296720249556,6.7925245,400,1067
50,224.9184381028075,8.617646101,1250,5328
129,232.26651576737692,208.230114699,3225,26646
154,227.18636443444336,270.3247693,3850,28964
333,235.33242929073143,1133.6473096,8325,113826
0,0,0,0,0
0,0,0,0,0
0,0,0,0,0
