Z,OV,T,V,C
15,245.32975783178003,7.0078504,375,933
22,234.44372064299466,6.5435673,550,1523
30,237.165229940191,8.4559599,750,2152
60,225.7348908919664,14.625191,1500,6807
53,228.367982048602,14.4938159,1325,4787
0,0,0,0,0
0,0,0,0,0
0,0,0,0,0
0,0,0,0,0
