Z,OV,T,V,C
15,245.32975783178003,7.0078504,375,933
22,234.44372064299466,6.5435673,550,1523
30,237.165229940191,8.4559599,750,2152
60,225.7348908919664,14.625191,1500,6807
53,228.367982048602,14.4938159,1325,4787
60,221.18903814152569,25.515069299,1500,5785
70,220.12436571933918,16.9923232,1750,7188
90,226.76454918380446,15.5839187,2250,10469
96,225.3552588919664,21.783110701,2400,10996
