Z,OV,T,V,C
19,245.32975783178,8.3040576,475,1365
54,223.55768345420935,5.1340862,1350,6599
110,229.00070204860202,19.4619702,2750,20776
129,232.26651576737692,215.884960999,3225,26646
132,234.44372064299463,44.267686,3300,23900
198,231.3334243033417,90.1241511,4950,45991
188,229.000702048602,56.6760289,4700,39330
323,234.44374369985226,4457.618266399,8075,109976
224,225.73489089196642,34.0938546,5600,46660
