Z,OV,T,V,C
16,209.04296720249556,5.5110999,400,1067
50,224.9184381028075,6.009607701,1250,5328
0,0,0,0,0
0,0,0,0,0
0,0,0,0,0
0,0,0,0,0
0,0,0,0,0
0,0,0,0,0
